fmcName,fmcAddress,phoneNumber,place,target,mealTime,days
염리종합사회복지관,서울특별시 마포구 대흥로24길 50,02-3276-1800,경로식당,수급자+차상위+기타저소득,중식(11:30~13:00),월+화+수+목+금
사랑의전화종합사회복지관,서울특별시 마포구 만리재로 29,02-6371-1058,경로식당+식사배달+밑반찬배달,수급자+차상위+기타저소득,중식(11:30~13:00),월+화+수+목+금
동해시노인종합복지관 경로식당,강원특별자치도 동해시 감추7길 50,033-530-9000,동해시노인종합복지관 지하식당,65세이상 수급자+차상위계층,중식(11:30~12:30),월+화+수+목+금
묵호노인종합복지관,강원특별자치도 동해시 향로2길 48,033-534-6844,묵호노인종합복지관,65세이상 수급자+차상위계층,중식(11:30~12:30),월+화+수+목+금
금천노인종합복지관,서울특별시 금천구 시흥대로51길 93-32(시흥동),02-804-4058,금천노인종합복지관 지하1층,저소득 어르신,중식(11:20-12:40),월+화+수+목+금+토
금천누리종합사회복지관,서울특별시 금천구 가산로 129(가산동),02-868-6856,금천누리종합사회복지관 5층,저소득 어르신,중식(11:20-12:30),월+화+수+목+금+토
금천한내어르신복지센터,서울특별시 금천구 한내로 69-15(독산동),02-897-5104,금천한내어르신복지센터 4층,저소득 어르신,중식(11:00-12:10),월+화+수+목+금+토
금천호암노인종합복지관,서울특별시 금천구 독산로72길 86-5(독산동),02-853-7203,금천호암노인종합복지관 2층,저소득 어르신,중식(11:30-13:00),월+화+수+목+금+토
살구여성회,서울특별시 금천구 시흥대로148길 27(독산동),02-895-5973,살구여성회 따뜻한밥집,저소득 어르신,중식(11:00-12:30),월+화+수+목+금+토
주님앞에제일교회,서울특별시 금천구 탑골로2길 56(시흥동),02-896-2031,주님앞에제일교회 2층,저소득 어르신,중식(11:50-12:40),화+수+목+금+토+일
청담종합사회복지관,서울특별시 금천구 금하로29길 26(시흥동),02-806-1377,청담종합사회복지관 1층,저소득 어르신,중식(11:30-12:30),월+화+수+목+금+토
월곡종합사회복지관,서울특별시 성북구 오패산로16길 23,02-911-5511,경로식당,60세이상 저소득어르신,11:20~13:00,월+화+수+목+금
성북장애인단체연합회,서울특별시 성북구 오패산로3길 95,02-942-7976,관내식당,성북구 거주 저소득 장애인,11:30~13:00,월+화+수+목+금
서울시특별시지체장애인협회 성북구지회,서울특별시 성북구 화랑로13길 100,02-914-2070,관내식당,성북구 거주 저소득 장애인,11:30~13:00,월+화+수+목+금
성북장애인자립생활센터,서울특별시 성북구 보문로 134,02-921-7232,관내식당,성북구 거주 저소득 장애인,11:30~13:00,월+화+수+목+금
한국교통장애인협회 성북구지회,서울특별시 성북구 동소문로 185,,관내식당,성북구 거주 저소득 장애인,11:30~13:00,월+화+수+목+금
등촌1종합사회복지관,서울특별시 강서구 강서로68길 36,02-2658-1010,등촌1종합사회복지관,기초생활수급자 등 결식 우려가 있는 60세 이상 저소득 어르신,중식(11:10-12:30),월+화+수+목+금+토
등촌4종합사회복지관,서울특별시 강서구 공항대로39길 59,02-2658-8800,등촌4종합사회복지관,기초생활수급자 등 결식 우려가 있는 60세 이상 저소득 어르신,중식(11:15-12:15),월+화+수+목+금+토
등촌7종합사회복지관,서울특별시 강서구 공항대로43길 104,02-2658-6521,등촌7종합사회복지관,기초생활수급자 등 결식 우려가 있는 60세 이상 저소득 어르신,중식(11:20-12:00),월+화+수+목+금+토
등촌9종합사회복지관,서울특별시 강서구 화곡로63가길 92,02-2658-4127,등촌9종합사회복지관,기초생활수급자 등 결식 우려가 있는 60세 이상 저소득 어르신,중식(11:00-12:00),월+화+수+목+금+토
북가좌2동노인복지센터,서울특별시 서대문구 증가로20길 43 (북가좌동),,북가좌2동노인복지센터,저소득어르신,10:30~12:00,경로식당(월+화+수+목+금+토)
효림재가노인지원센터,서울특별시 서대문구 경기대로9길 62 (충정로3가),,효림재가노인지원센터,저소득어르신,10:30~12:00,밑반찬배달(화+금)
인왕어르신복지센터,서울특별시 서대문구 통일로26길 12-5 (홍제동),,인왕어르신복지센터,저소득어르신,10:30~12:00,경로식당(월+화+수+목+금+토)+밑반찬배달(화+목)
관악노인종합복지관,서울특별시 관악구 보라매로 35(관악노인종합복지관),02-888-6144,관악노인종합복지관,만 60세 이상 저소득 어르신,평일중식(11:20-12:40)+토요일중식(11:10-12:10),월+화+수+목+금+토
서울YWCA봉천종합사회복지관,서울특별시 관악구 관악로 254(청림동 서울YWCA봉천종합사회복지관),02-870-4457,서울YWCA봉천종합사회복지관,만 60세 이상 저소득 어르신,중식(11:00-12:00),월+화+수+목+금+토
선의관악종합사회복지관,서울특별시 관악구 양녕로 16길 44-9,02-886-9941,선의관악종합사회복지관,만 60세 이상 저소득 어르신,중식(11:30-12:30),월+화+수+목+금+토
성민종합사회복지관,서울특별시 관악구 호암로 549,02-876-0900,성민종합사회복지관,만 60세 이상 저소득 어르신,중식(11:15-12:00),월+화+수+목+금+토
신림종합사회복지관,서울특별시 관악구 난곡로 110,02-851-1767,신림종합사회복지관 4층 밥내음식당,만 60세 이상 저소득 어르신,중식(11:00-12:00),월+화+수+목+금+토
중앙사회복지관,서울특별시 관악구 봉천로 41길 33(중앙동 중앙사회복지관),02-872-5802,중앙사회복지관,만 60세 이상 저소득 어르신,중식(11:00-13:00),월+화+수+목+금+토
요셉의원,서울특별시 영등포구 경인로100길 6,02-2634-1760,코로나 이후 중지,노숙인,코로나 이후 중지,코로나 이후 중지
영광교회,서울특별시 영등포구 신길로 234,,실외(코로나19예방),노숙인,12:00(중식),간편식(수)+중식(일)
한국기독교복지협회,서울특별시 영등포구 신길로 245,,실외(코로나19예방),노숙인,11:00(중식)+20:30(석식),(중식+석식)(월+화+수+목+금+토+일)
광야교회,서울특별시 영등포구 경인로100길 3,02-2636-3373,실외(코로나19예방),노숙인,11:30(중식)+17:00(석식),(중식+석식)(월+화+수+목+금+토+일)
토마스의집,서울특별시 영등포구 경인로 828-1,02-2672-1004,실외(코로나19예방),노숙인,11:00~12:30,중식(월+화+수+금+토)
가양4종합사회복지관,서울특별시 강서구 양천로57길 37,02-2668-6689,가양4종합사회복지관,기초생활수급자 등 결식 우려가 있는 60세 이상 저소득 어르신,중식(11:00-12:30),월+화+수+목+금+토
가양5종합사회복지관,서울특별시 강서구 양천로57길 36,02-2668-4603,가양5종합사회복지관,기초생활수급자 등 결식 우려가 있는 60세 이상 저소득 어르신,중식(11:30-12:30),월+화+수+목+금+토
가양7종합사회복지관,서울특별시 강서구 허준로 209,02-2668-8600,가양7종합사회복지관,기초생활수급자 등 결식 우려가 있는 60세 이상 저소득 어르신,중식(11:20-12:30),월+화+수+목+금+토
방화2종합사회복지관,서울특별시 강서구 방화대로48길 40,02-2662-6661,방화2종합사회복지관,기초생활수급자 등 결식 우려가 있는 60세 이상 저소득 어르신,중식(11:15-12:15),월+화+수+목+금+토
방화6종합사회복지관,서울특별시 강서구 금낭화로23길 25,02-2666-6181,방화6종합사회복지관,기초생활수급자 등 결식 우려가 있는 60세 이상 저소득 어르신,중식(11:00-12:00),월+화+수+목+금+토
방화11종합사회복지관,서울특별시 강서구 개화동로21길 4,02-2661-0670,방화11종합사회복지관,기초생활수급자 등 결식 우려가 있는 60세 이상 저소득 어르신,중식(11:00-12:00),월+화+수+목+금+토
발산어르신행복센터,서울특별시 강서구 강서로47길 72,02-2663-4603,발산어르신행복센터,기초생활수급자 등 결식 우려가 있는 60세 이상 저소득 어르신,중식(11:20-12:20),월+화+수+목+금+토
서울시립강서노인종합복지관,서울특별시 강서구 화곡로61길 85,02-3664-0322,서울시립강서노인종합복지관,기초생활수급자 등 결식 우려가 있는 60세 이상 저소득 어르신,중식(11:30-13:00),월+화+수+목+금+토
강서구립봉제산어르신복지센터,서울특별시 강서구 초록마을로15길 12,02-2605-1553,강서구립봉제산어르신복지센터,기초생활수급자 등 결식 우려가 있는 60세 이상 저소득 어르신,중식(11:30-12:30),월+화+수+목+금+토
강서구립곰달래어르신복지센터,서울특별시 강서구 강서로5길 50,02-2699-8264,강서구립곰달래어르신복지센터,기초생활수급자 등 결식 우려가 있는 60세 이상 저소득 어르신,중식(11:30-13:00),월+화+수+목+금+토
상도은빛어르신복지관,서울특별시 동작구 매봉로36,02-826-9723,상도은빛어르신복지관,만60세 이상 결식우려가 있는 저소득 어르신,중식(11:30~12:50),월+화+수+목+금
서울기능장애인협회 노원지부,서울특별시 노원구 한글비석로 182,02-2135-6352,협회식당,장애인,중식(11:30 ~),월+화+수+목+금
참아름교회,서울특별시 노원구 노원구 공릉로 351,02-974-4443,참아름교회 2~3층,저소득 노인,중식(12:00 ~),월+화+수+목+금+토+일
아름다운 세상 모두함께,서울특별시 노원구 상계로37길 11,02-556-1333,1층 식당,결식노인+노숙자,화ㆍ목 석식(17:30~ )+토 중식(12:00~ ),화+목+토
번동3단지종합사회복지관,서울특별시 강북구 오현로208,02-984-6777,번동3단지종합사회복지관,기초생활수급자+차상위 계층+저소득 독거어르신,중식(11:30-12:30),월+화+수+목+금+토
번동5단지종합사회복지관,서울특별시 강북구 한천로115길 20,02-981-5077,번동5단지종합사회복지관,기초생활수급자+차상위 계층+저소득 독거어르신,중식(11:30-12:00),월+화+수+목+금+토
구세군강북종합사회복지관,서울특별시 강북구 인수봉로 20가길 24,02-984-5811,구세군강북종합사회복지관,기초생활수급자+차상위 계층+저소득 독거어르신,중식(11:00-12:00),월+화+수+목+금+토
번동2단지종합사회복지관,서울특별시 강북구 한천로 105길 24,02-987-5078,번동2단지종합사회복지관,기초생활수급자+차상위 계층+저소득 독거어르신,중식(11:30-12:00),월+화+수+목+금+토
자비의 집,서울특별시 강북구 도봉로29길 90,02-945-4200,자비의 집,기초생활수급자+차상위 계층+저소득 독거어르신,중식(11:30-12:30),월+화+수+목+금+토
강북장애인종합복지관,서울특별시 강북구 오현로 189,02-989-4218,강북장애인종합복지관,기초생활수급자+차상위 계층+저소득 독거어르신,중식(11:40-13:00),월+화+수+목+금+토
시립강북노인종합복지관,서울특별시 강북구 삼양로 92길 40,02-999-9179,시립강북노인종합복지관,기초생활수급자+차상위 계층+저소득 독거어르신,중식(11:00-12:30),월+화+수+목+금+토
양천어르신종합복지관 경로식당,서울특별시 양천구 목동로3길 106 (신정동),02-2649-8815,양천어르신종합복지관,저소득 결식우려 어르신,중식(11:30-13:00),월+화+수+목+금+토
서서울어르신복지관 경로식당,서울특별시 양천구 가로공원 60가길 16,02-2608-4042,서서울어르신복지관,저소득 결식우려 어르신,중식(11:30-13:00),월+화+수+목+금+토
신목종합사회복지관 경로식당,서울특별시 양천구 신목로 5 (신정동),02-2643-7222,신목종합사회복지관,저소득 결식우려 어르신,중식(11:30-13:00),월+화+수+목+금+토
신목종합사회복지관(별관)  경로식당,서울특별시 양천구 목동남로 4길 6-46 목동2차 우성A 관리사무소 지하 1층,02-2223-8825,신목종합사회복지관(별관),저소득 결식우려 어르신,중식(11:30-13:00),월+화+수+목+금+토
한빛종합사회복지관 경로식당,서울특별시 양천구 신월로11길 16 (신월동),02-2690-8762,한빛종합사회복지관,저소득 결식우려 어르신,중식(11:30-13:00),월+화+수+목+금+토
신정종합사회복지관 경로식당,서울특별시 양천구 신정중앙로 36 (신정동),02-2603-1792,신정종합사회복지관,저소득 결식우려 어르신,중식(11:30-13:00),월+화+수+목+금+토
목동종합사회복지관 경로식당,서울특별시 양천구 목동중앙북로8길 104 (목동),02-2651-2332,목동종합사회복지관,저소득 결식우려 어르신,중식(11:30-13:00),월+화+수+목+금+토
신월종합사회복지관 경로식당,서울특별시 양천구 신월로24길 19 (신월동),02-2605-8728,신월종합사회복지관,저소득 결식우려 어르신,중식(11:30-13:00),월+화+수+목+금+토
목동어르신복지관 경로식당,서울특별시 양천구 목동중앙로3길 21(목동),02-2643-3352,목동어르신복지관,저소득 결식우려 어르신,중식(11:30-13:00),월+화+수+목+금+토
해맞이경로식당,서울특별시 양천구 지양로 37(신월동),02-2699-9275,해맞이경로식당,저소득 결식우려 어르신,중식(11:30-13:00),월+화+수+목+금+토
아현노인복지센터,서울특별시 마포구 마포대로26길 19,02-362-3674,경로식당+식사배달,수급자+차상위+기타저소득,중식(11:30~12:30),월+화+수+목+금
이대성산종합사회복지관,서울특별시 마포구 월드컵로215,02-374-9556,경로식당+식사배달+밑반찬배달,수급자+차상위+기타저소득,중식(11:30~13:00),월+화+수+목+금
시립마포노인종합복지관,서울특별시 마포구 서강로 68,02-6360-0534,경로식당+식사배달,수급자+차상위+기타저소득,중식(11:15~13:00),월+화+수+목+금
우리마포복지관,서울특별시 마포구 신촌로26길 10,02-358-1000,경로식당,수급자+차상위+기타저소득,중식(11:30~13:00),월+화+수+목+금
아현실버복지관,서울특별시 마포구 환일길3,02-312-2161,경로식당,수급자+차상위+기타저소득,중식(11:20~12:30),월+화+수+목+금
마포노인복지센터,서울특별시 마포구 만리재옛12길 6-2,02-365-7775,밑반찬배달,수급자+차상위+기타저소득,배달만 운영,월+화+수+목+금
보사노인복지센터,서울특별시 마포구 동교로 132-3,02-3273-6692,밑반찬배달,수급자+차상위+기타저소득,배달만 운영,월+화+수+목+금
마포어르신돌봄통합센터,서울특별시 마포구 토정로 148-14,02-325-3850,식사배달+밑반찬배달,수급자+차상위+기타저소득,배달만 운영,월+화+수+목+금
용강노인복지관,서울특별시 마포구 토정로31길 31,02-707-1006,경로식당,수급자+차상위+기타저소득,중식(11:30~13:00),월+화+수+목+금
신생명나무교회,서울특별시 마포구 고산18길 10,02-742-2970,경로식당,수급자+차상위+기타저소득,중식(11:30~13:00),월+화+수+목+금
사랑나눔에덴복지,서울특별시 송파구 마천로 204,02-423-4653,시설내,독거노인+노숙자+장애인,조식+중식+석식,월+화+수+목+금+일
서울노인복지센터,서울특별시 종로구 삼일대로 467(경운동),02-6220-8500,서울노인복지센터,60세이상 가정형편이 어렵거나 부득이한 사정으로 식사를 거를 우려가 있는 어르신,중식(12:00-13:00),월+화+수+목+금+토
사회복지법인 명휘원,서울특별시 종로구 종로11길 9-20(인사동),02-739-9300,사회복지법인 명휘원,60세이상 가정형편이 어렵거나 부득이한 사정으로 식사를 거를 우려가 있는 어르신,중식(12:00-13:00),월+화+수+목+금+토
종로종합사회복지관,서울특별시 종로구 지봉로13길 82(창신동),02-766-8282,종로종합사회복지관,60세이상 가정형편이 어렵거나 부득이한 사정으로 식사를 거를 우려가 있는 어르신,중식(12:00-13:00),월+화+수+목+금+토
종로노인종합복지관,서울특별시 종로구 율곡로19길 17-8(이화동),02-742-9500,종로노인종합복지관,60세이상 가정형편이 어렵거나 부득이한 사정으로 식사를 거를 우려가 있는 어르신,중식(12:00-13:00),월+화+수+목+금+토
종로노인종합복지관 무악센터,서울특별시 종로구 통일로14길 30(무악동),02-6247-9900,종로노인종합복지관 무악센터,60세이상 가정형편이 어렵거나 부득이한 사정으로 식사를 거를 우려가 있는 어르신,중식(12:00-13:00),월+화+수+목+금+토
옥수종합사회복지관,서울특별시 성동구 한림말길 16-5,02-2282-1100,옥수종합사회복지관 식당,60세이상 저소득 노인,11:00~13:00,월+화+수+목+금
한국지체장애인협회 구로구지회,서울특별시 구로구 디지털로19길 24,02-2682-7553,구로구장애인연합회사무실,장애인 노인,11:00~11:30,화+목
한국장애인문화인쇄협회,서울특별시 구로구 개봉로23길 10,02-2683-0955,한울의집,지역장애인 노약자,12:00~13:00,월+화+수+목+금
보훈경로당,"서울특별시 구로구 우마1다길 25, 1층",02-865-0788,보훈경로당,노인 국가유공자,12:00~13:00,월+화+수+목+금
본동종합사회복지관,서울특별시 동작구 노량진로32길 79,02-817-8052,본동종합사회복지관,만60세 이상 결식우려가 있는 저소득 어르신,중식(11:00~12:00),월+화+수+목+금+토
동작이수사회복지관,서울특별시 동작구 동작대로35차길 7,02-592-3721,동작이수사회복지관,만60세 이상 결식우려가 있는 저소득 어르신,중식(11:00~12:00),월+화+수+목+금+토
사당종합사회복지관,서울특별시 동작구 사당로14길 20,02-597-3710,사당종합사회복지관,만60세 이상 결식우려가 있는 저소득 어르신,중식(11:20~12:30),월+화+수+목+금+토
동작종합사회복지관,서울특별시 동작구 등용로47,02-814-8114,동작종합사회복지관,만60세 이상 결식우려가 있는 저소득 어르신,중식(11:00~12:00),월+화+수+목+금+토
대방종합사회복지관,서울특별시 동작구 여의대방로44길 47,02-826-2900,대방종합사회복지관,만60세 이상 결식우려가 있는 저소득 어르신,중식(11:30~12:30),월+화+수+목+금+토
사당어르신종합복지관,서울특별시 동작구 남부순환로2081,02-580-2403,사당어르신종합복지관,만60세 이상 결식우려가 있는 저소득 어르신,중식(11:30~12:50),월+화+수+목+금
동작노인종합복지관,서울특별시 동작구 상도로11길 7,02-823-0064,동작노인종합복지관,만60세 이상 결식우려가 있는 저소득 어르신,중식(11:30~13:00),월+화+수+목+금+토
상도종합사회복지관,서울특별시 동작구 상도로39가길 7,02-824-6011,상도종합사회복지관,만60세 이상 결식우려가 있는 저소득 어르신,중식(11:00~12:00),월+화+수+목+금+토
개웅교회,서울특별시 구로구 개봉로20길 91-10,02-2614-3141,개웅교회 식당,노숙자  노인,11:30~12:30,화+일
중국동포의집,서울특별시 구로구 남부순환로 1307,02-849-9988,중국동포의집 쉼터,외국인  노인,12:00~13:00,월+화+수+목+금+토+일
수서명화종합사회복지관,서울특별시 강남구 광평로51길 49,02-459-2696,수서명화종합사회복지관,만60세이상 결식우려가 있는 강남구 거주 저소득 어르신,중식(11:30~12:30),월+화+수+목+금
강남시니어플라자,서울특별시 강남구 봉은사로 332,02-558-9888,강남시니어플라자,만60세이상 결식우려가 있는 강남구 거주 저소득 어르신,중식(11:30~13:00),월+화+수+목+금
역삼노인복지센터,서울특별시 강남구 도곡로 27길 27,02-501-5674,역삼노인복지센터,만60세이상 결식우려가 있는 강남구 거주 저소득 어르신,중식(11:30~12:30),월+화+수+목+금
논현노인종합복지관,서울특별시 강남구 강남대로128길 59,02-541-0227,논현노인종합복지관,만60세이상 결식우려가 있는 강남구 거주 저소득 어르신,중식(11:30~12:50),월+화+수+목+금
자양종합사회복지관,서울특별시 광진구 자양번영로 35(자양동),02-458-1664,자양종합사회복지관 식당,국민기초생활수급자,중식(11:30~13:00),월+화+수+목+금
광진노인종합복지관,서울특별시 광진구 군자로 88(군자동),02-466-6242,광진노인종합복지관 식당,국민기초생활수급자,중식(11:30~13:00),월+화+수+목+금
성동노인종합복지관,서울특별시 성동구 마조로 77,02-6341-8646,성동노인종합복지관 식당,60세이상 저소득 노인,11:30~13:00,월+화+수+목+금+토
성동장애인무료급식소,서울특별시 성동구 청계천로 516,02-2291-8306,성동장애인생활회관 1층,저소득 장애인,11:00~13:00,월+화+수+목+금
성동종합사회복지관,서울특별시 성동구 청계천로 506,02-2290-3169,성동종합사회복지관 식당,60세이상 저소득 노인,11:00~13:00,월+화+수+목+금
성수종합사회복지관,서울특별시 성동구 뚝섬로1길 43,02-2204-9900,성수종합사회복지관 식당,60세이상 저소득 노인,11:00~12:00,월+화+수+목+금+토
강동종합사회복지관,서울특별시 강동구 진황도로23길 7,02-0475-4585,강동종합사회복지관,60세 이상의 결식노인,중식(11:30-12:30),월+화+수+목+금
명성복지재단 가나안의 집,서울특별시 강동구 천중로35길 73-7,02-0474-6900,명성복지재단 가나안의 집,60세 이상의 결식노인,중식(11:30-12:30),월+화+수+목+금
해공노인복지관,서울특별시 강동구 천중로17길 42-16,02-0478-0601,해공노인복지관,60세 이상의 결식노인,중식(11:30-12:30),월+화+수+목+금
삼양동종합복지센터,서울특별시 강북구 삼양로 47길 9,02-945-1305,삼양동종합복지센터,기초생활수급자+차상위 계층+저소득 독거어르신,중식(11:30-12:30),월+화+수+목+금+토
운가자비원,서울특별시 강북구 삼양로 112길 5,02-903-6940,운가자비원,기초생활수급자+차상위 계층+저소득 독거어르신,중식(11:30-12:10),월+화+수+목+금+토
서울특별시농아인협회강북구지부,서울특별시 강북구 한천로 131길 7,02-990-0872,서울특별시농아인협회강북구지부,기초생활수급자+차상위 계층+저소득 독거어르신,중식(12:00-13:00),월+화+수+목+금+토
e한우리 봉사회,서울특별시 강북구 한천로 150길 12,02-991-7909,e한우리 봉사회,기초생활수급자+차상위 계층+저소득 독거어르신,중식(12:00-13:00),월+화+수+목+금+토
신사노인복지관,서울특별시 은평구 증산로15길47,02-302-0303,신사노인복지관경로식당,만 60세이상 저소득어르신,중식(11:00-13:00),월+화+수+목+금+토
불광노인복지관,서울특별시 은평구 연서로32길17-11,02-385-3222,불광노인복지관경로식당,만 60세이상 저소득어르신,중식(11:00-13:00),월+화+수+목+금+토
대조노인복지관,서울특별시 은평구 역말로9길 27,02-6951-1172,대조노인복지관경로식당,만 60세이상 저소득어르신,중식(11:00-13:00),월+화+수+목+금+토
신사종합사회복지관,서울특별시 은평구 은평로38,02-376-4141,신사종합사회복지관경로식당,만 60세이상 저소득어르신,중식(11:00-13:00),월+화+수+목+금+토
녹번종합사회복지관,서울특별시 은평구 은평로21길14-26,02-388-6341,녹번종합사회복지관경로식당,만 60세이상 저소득어르신,중식(11:00-13:00),월+화+수+목+금+토
은평종합사회복지관,서울특별시 은평구 은평터널로48,02-307-1181,은평종합사회복지관경로식당,만 60세이상 저소득어르신,중식(11:00-13:00),월+화+수+목+금+토
다시서기종합지원센터,서울특별시 용산구 한강대로 92길 6,02-777-5217,다시서기종합지원센터,노숙인,석식(18:30-19:30),월+화+수+목+금+토+일
따스한채움터,서울특별시 용산구 한강대로 377,02-1666-7995,따스한 채움터,노숙인+주거취약계층,조식(08:00-10:00)+중식(12:00-14:00)+석식(17:00-19:00),월+화+수+목+금+토+일
인정만나샘,서울특별시 용산구 후암로 57길 45,02-757-7595,인정만나샘,노숙인,중식(12:00-13:00)+석식(18:00-19:00),중식(월+화+수+목+금)+석식(월+화+수+목+금+토+일)
대청종합사회복지관,서울특별시 강남구 양재대로55길 10,02-459-6332,대청종합사회복지관,만60세이상 결식우려가 있는 강남구 거주 저소득 어르신,중식(11:00~12:00),월+화+수+목+금
수서종합사회복지관,서울특별시 강남구 광평로56길 11,02-451-7244,수서종합사회복지관,만60세이상 결식우려가 있는 강남구 거주 저소득 어르신,중식(11:30~12:30),월+화+수+목+금
서초구립 양재노인종합복지관,서울특별시 서초구 강남대로30길 73-7,02-578-1515,지하 1층 식당,선정 기준에 부합하는 만60세 이상 어르신,11:30-13:00,월+화+수+목+금
방배노인종합복지관,서울특별시 서초구 방배천로 48,02-581-7992,지하 1층 식당,선정 기준에 부합하는 만60세 이상 어르신,11:30-13:00,월+화+수+목+금
서초구립 중앙노인종합복지관,서울특별시 서초구 서초대로54길 45,02-3474-6080,2층 식당,선정 기준에 부합하는 만60세 이상 어르신,11:30-13:00,월+화+수+목+금
서초구립 양재종합사회복지관,서울특별시 서초구 남부순환로 2610,02-579-4782,지하 1층 식당,선정 기준에 부합하는 만60세 이상 어르신,11:30-13:00,월+화+수+목+금
우면종합사회복지관,서울특별시 서초구 바우뫼로7길 11,02-577-6321,2층 식당,선정 기준에 부합하는 만60세 이상 어르신,11:30-13:00,월+화+수+목+금
서대문종합사회복지관,서울특별시 서대문구 모래내로 177 (남가좌동),,서대문종합사회복지관,저소득어르신,10:30~12:00,경로식당(월+화+수+목+금+토)+식사배달(월+화+수+목+금+토+일)+밑반찬배달(화+목)
홍은종합사회복지관,서울특별시 서대문구 세검정로1길 116 (홍은동),,홍은종합사회복지관,저소득어르신,10:30~12:00,경로식당(월+화+수+목+금+토)+식사배달(월+화+수+목+금+토+일)+밑반찬배달(월+목)
이대종합사회복지관,서울특별시 서대문구 북아현로4마길 26-24 (북아현동),,대상자 가정(배달),저소득어르신,10:30~12:00,식사배달(월+화+수+목+금+토+일)+밑반찬배달(월+목)
연희노인여가복지시설,서울특별시 서대문구 홍제천로2길 111 (연희동),,연희노인여가복지시설,저소득어르신,10:30~12:00,경로식당(월+화+수+목+금+토)+식사배달(월+화+수+목+금+토+일)
강동노인종합복지관,서울특별시 강동구 동남로71길 32-5,02-0442-1026,강동노인종합복지관,60세 이상의 결식노인,중식(11:30-12:30),월+화+수+목+금
은평노인종합복지관,서울특별시 은평구 연서로 415,02-385-1351,은평노인종합복지관경로식당,만 60세이상 저소득어르신,중식(11:00-13:00),월+화+수+목+금+토
역촌노인복지관,서울특별시 은평구 연서로3나길11-30,02-385-9500,역촌노인복지관경로식당,만 60세이상 저소득어르신,중식(11:00-13:00),월+화+수+목+금+토
갈현노인복지관,서울특별시 은평구 통일로89길12-6,02-357-2640,갈현노인복지관경로식당,만 60세이상 저소득어르신,중식(11:00-13:00),월+화+수+목+금+토
응암노인복지관,서울특별시 은평구 응암로21가길5-1,02-355-2997,응암노인복지관경로식당,만 60세이상 저소득어르신,중식(11:00-13:00),월+화+수+목+금+토
서대문노인종합복지관,서울특별시 서대문구 독립문로8길 57 (천연동),,서대문노인종합복지관,저소득어르신,10:30~12:00,경로식당(월+화+수+목+금+토)+식사배달(월+화+수+목+금+토+일)+밑반찬배달(화+금)
참좋은친구들,서울특별시 중구 청파로427,02-754-0031,서울특별시 중구 청파로427 (1층식당),노숙인,중식(11:00~12:00)+석식(18:00~19:00),화+수+목+금+일
소중한사람들,서울특별시 중구 중림로 8길 12,02-365-9106,서울특별시 중구 중림로 8길 12 (지하식당),노숙인,중식(11:30~12:30),월+화+수+목+금+토+일
성북노인종합복지관,서울특별시 성북구 종암로15길 10,02-929-7950,경로식당,60세이상 저소득어르신,11:30~13:00,월+화+수+목+금
동서울 중앙교회,서울특별시 중랑구 면목로 29길 37,02-494-7110,동서울 중앙교회,만 60세 이상 결식 우려 저소득 어르신,중식(11:30-12:30),월+화+수+목+금+토
사랑의 집,서울특별시 중랑구 송림길 91,02-495-2517,사랑의 집,만 60세 이상 결식 우려 저소득 어르신,중식(12:00-13:00),월+화+수+목+금
나눔의 집,서울특별시 중랑구 용마공원로 5가길 69-6,02-434-9345,나눔의 집,만 60세 이상 결식 우려 저소득 어르신,중식(12:00-13:00),월+화+수+목+금
구립중화경로복지관,서울특별시 중랑구 동일로 138길 28,02-436-1390,구립중화경로복지관,만 60세 이상 결식 우려 저소득 어르신,중식(11:00-12:00),월+화+수+목+금
구립신내노인종합복지관,서울특별시 중랑구 신내로 15길 175,02-3421-4800,구립신내노인종합복지관,만 60세 이상 결식 우려 저소득 어르신,중식(11:30-13:00),월+화+수+목+금+토
유린원광종합사회복지관,서울특별시 중랑구 신내로 56,02-438-4011,유린원광종합사회복지관,만 60세 이상 결식 우려 저소득 어르신,중식(11:30-12:30),월+화+수+목+금
신내종합사회복지관,서울특별시 중랑구 봉화산로 153,02-3421-3400,신내종합사회복지관,만 60세 이상 결식 우려 저소득 어르신,중식(12:00-13:00),월+화+수+목+금
대치1단지(일원2) 경로당,서울특별시 강남구 개포로109길 5,02-565-3857,대치1단지(개포3) 경로당,만60세이상 결식우려가 있는 강남구 거주 저소득 어르신,중식(11:30~12:30),월+화+수+목+금
대청경로당,서울특별시 강남구 개포로124길 24,02-565-3857,대청경로당,만60세이상 결식우려가 있는 강남구 거주 저소득 어르신,중식(11:30~12:30),월+화+수+목+금
세곡리엔파크4단지 경로당,서울특별시 강남구 헌릉로590길 88,02-565-3857,세곡리엔파크4단지 경로당,만60세이상 결식우려가 있는 강남구 거주 저소득 어르신,중식(11:30~12:30),월+화+수+목+금
강남노인종합복지관,서울특별시 강남구 삼성로 628,02-549-7070,강남노인종합복지관,만60세이상 결식우려가 있는 강남구 거주 저소득 어르신,중식(11:30~13:00),월+화+수+목+금
개포경로당,서울특별시 강남구 선릉로12길 12,02-565-3857,개포경로당,만60세이상 결식우려가 있는 강남구 거주 저소득 어르신,중식(11:30~12:30),월+화+수+목+금
시립대종합사회복지관,서울특별시 중랑구 신내로 115,02-3421-1988,시립대종합사회복지관,만 60세 이상 결식 우려 저소득 어르신,중식(11:30-12:30),월+화+수+목+금
시립중랑노인종합복지관,서울특별시 중랑구 겸재로 9길 45,02-493-9966,시립중랑노인종합복지관,만 60세 이상 결식 우려 저소득 어르신,중식(11:30-12:30),월+화+수+목+금+토
면목종합사회복지관,서울특별시 중랑구 용마산로 228,02-436-0500,면목종합사회복지관,만 60세 이상 결식 우려 저소득 어르신,중식(11:30-12:30),월+화+수+목+금+토
생명의전화종합사회복지관,서울특별시 성북구 오패산로 21,02-916-9193,경로식당,60세이상 저소득어르신,10:00~13:00,월+화+수+목+금
장위종합사회복지관,서울특별시 성북구 돌곶이로22길 47,02-918-3073,경로식당,60세이상 저소득어르신,11:00~13:00,월+화+수+목+금
정릉종합사회복지관,서울특별시 성북구 솔샘로5길 92,02-909-0434,경로식당,60세이상 저소득어르신,11:30~13:00,월+화+수+목+금
길음종합사회복지관,서울특별시 성북구 삼양로2길 55,02-985-0161,경로식당,60세이상 저소득어르신,11:00~13:00,월+화+수+목+금
성북시각장애인복지관,서울특별시 성북구 동소문로25가길 20,02-923-4555,경로식당,60세이상 저소득어르신,11:30~13:00,월+화+수+목+금
